{"cameraMode":{"drawMode":0,"name":"Shaded","section":"Shading Mode"},"sceneLighting":true,"audioPlay":false,"sceneViewState":{"showFog":false,"showMaterialUpdate":false,"showSkybox":false,"showFlares":false,"showImageEffects":false,"showParticleSystems":false},"in2DMode":false,"pivot":{"x":-1.1788129806518555,"y":4.0135393142700199,"z":-8.810205459594727},"rotation":{"x":0.1449829339981079,"y":0.8346994519233704,"z":-0.26177775859832766,"w":0.46230870485305788},"size":4.809356212615967,"orthographic":false}